CREATE DATABASE  IF NOT EXISTS `empresa2`;
USE `empresa2`;
DROP TABLE IF EXISTS `tcolaboradores`;
CREATE TABLE `tcolaboradores` (
  `dni` char(9) CHARACTER SET utf8mb4 COLLATE utf8mb4_es_trad_0900_as_cs NOT NULL,
  `cod_dep` int DEFAULT NULL,
  `nombre` varchar(100) CHARACTER SET utf8mb4 COLLATE utf8mb4_es_trad_0900_as_cs NOT NULL,
  PRIMARY KEY (`dni`)
) ENGINE=InnoDB DEFAULT CHARSET=utf8mb4 COLLATE=utf8mb4_es_trad_0900_as_cs;

INSERT INTO `tcolaboradores` VALUES ('45011008P',2,'López Rodríguez, Antía'),('45028296T',7,'Fernandez Domingos, Rocío'),('45029913F',11,'Gallego Martín, Carlos'),('45032683V',4,'Muñoz Baelo, Yasmina'),('45034843S',4,'Pereira Rodríguez, Victoria'),('45037447C',6,'López Freire, Miguel Ángel'),('45048696E',3,'Montero Sabin, Manoel'),('45052425W',2,'Pedrero López, Martina'),('45052844F',3,'Soaz Gonzalez, Olga'),('45053361H',2,'del Cura Miranda, Julián'),('45053964T',5,'Dominguez Martinez, Xulián'),('45055176Q',4,'Saura Cambeiro, Javier'),('45069423A',4,'Argibay Portela, David'),('45151180H',8,'Rodríguez Crespo, Roberto'),('45176641H',6,'García Montón, Jonathan'),('45571235R',7,'Vázquez García, Verónica'),('45607251E',8,'Varela Cotelo, Angeles'),('45641971N',6,'Rodriguez Paseiro, Manuel'),('45647484M',1,'Beiroa Mosquera, Fidel'),('45672676N',9,'Ozores Rial, Iker'),('45679386Y',10,'Conde Rodríguez, Mauro'),('45681377L',5,'Beiroa Rivasol, Daniel'),('46619460R',2,'Luaces Barril, Cristina'),('46619466F',5,'Barja Fernández, Marcos'),('46620358W',8,'Salvatierra Veleiro, Carlos'),('46620911A',6,'Otero Martínez, Yeray'),('46624353H',10,'Portela González, Tania'),('46626576X',3,'Estévez Alonso, María'),('46630260Z',2,'Peñalver de Andrés, Adrián'),('46645899J',1,'Cacheda Sarmiento, Diana'),('46973381K',10,'Carpacho  Barredo, Carlos');

DROP TABLE IF EXISTS `tdep`;
CREATE TABLE `tdep` (
  `nombre` varchar(100) CHARACTER SET utf8mb4 COLLATE utf8mb4_es_trad_0900_as_cs NOT NULL,
  `cod_dep` int NOT NULL,
  `dni_resp` char(9) CHARACTER SET utf8mb4 COLLATE utf8mb4_es_trad_0900_as_cs DEFAULT NULL,
  PRIMARY KEY (`cod_dep`),
  UNIQUE KEY `nombre_UNIQUE` (`nombre`)
) ENGINE=InnoDB DEFAULT CHARSET=utf8mb4 COLLATE=utf8mb4_es_trad_0900_as_cs;

INSERT INTO `tdep` VALUES ('finanzas',1,'15061232G'),('legal',2,'24306032T'),('contabilidad',3,'22069846N'),('ventas',4,NULL),('ingeniería',5,'45695629B'),('compras',6,'29808704Z'),('recursos humanos',7,'45904848E'),('tecnología',8,'45900523K'),('márketing',9,'46603412F'),('logística',10,'46615320R'),('control',11,'45886395S');

CREATE TABLE `templeados` (
  `dni` char(9) CHARACTER SET utf8mb4 COLLATE utf8mb4_es_trad_0900_as_cs NOT NULL,
  `cod_dep` int DEFAULT NULL,
  `nombre` varchar(100) CHARACTER SET utf8mb4 COLLATE utf8mb4_es_trad_0900_as_cs NOT NULL,
  `anno_inc` int NOT NULL,
  `cargo` varchar(80) CHARACTER SET utf8mb4 COLLATE utf8mb4_es_trad_0900_as_cs DEFAULT 'auxiliar',
  PRIMARY KEY (`dni`)
) ENGINE=InnoDB DEFAULT CHARSET=utf8mb4 COLLATE=utf8mb4_es_trad_0900_as_cs;
INSERT INTO `templeados` VALUES ('15061232G',1,'Gonález de Santos, Ana',2004,'analista'),('16568616Z',3,'Sanromán Lorenzo, Elisa',2019,'especialista en contabilidad'),('20334118W',2,'Pousada Núñez, Anaís',2022,'experto en protección de datos'),('22069846N',3,'Piñeiro Pérez, Jorge',2017,'especialista en fiscalidad'),('22431571Q',2,'Alejos González, Daniel',2002,'auxiliar'),('24242637Q',3,'Lima Astor, Petra',2016,'auxiliar'),('24306032T',2,'Pérez Lois, Ruben',2007,'experto en contratos'),('25649237M',1,'Rodríguez Freijeiro, Nicolás',2020,'analista'),('27835704T',1,'Domínguez Blanco, Gabriela',2004,'auxiliar'),('27837272G',6,'García Eirín, Carla',2018,'experto en grandes compras'),('27838013D',2,'Prado Arias, Iria',2015,'auxiliar'),('29808704Z',6,'Fernández Rivas, Pablo',2013,'experto compras internacionales'),('33460756B',1,'Conde Cabano, Roi',2017,'auxiliar'),('45687774E',6,'Sobrino Valladares, carlos luis',2011,'auxiliar'),('45688174P',1,'González Ferreiro, Sabela',2016,'auxiliar'),('45695378J',4,'Dios Parada, Aitor',2010,'comercial'),('45695629B',5,'Otero Alonso, Luis',2011,'ingeniero industrial'),('45697250E',4,'Cabaleiro Magallanes, Sandra',2004,'comercial'),('45697515B',4,'Guillán Tirado, Alejandro',2015,'comercial administraciones públicas'),('45882604L',4,'Ugarte Nogueira, Alexandre',2004,'comercial'),('45883166Y',5,'Fonseca Blanco, Nelson',2001,'ingeniero telecomuniación'),('45886251D',4,'Román Costas, Pablo',2000,'comercial grandes cuentas'),('45886395S',11,'Devesa Refojo, Adrián',2016,'experto en control interno'),('45886396Q',4,'Barros  Marín, Ana',2017,'comercial internacional'),('45887067C',5,'Quintáns Pazos, Alba María',2005,'técnico en energía'),('45890264C',3,'Díaz Lusquiños, Paula',2016,'auxiliar'),('45891302T',3,'Martínez Silvosa, Santiago',2021,'auxiliar'),('45891620L',4,'Lopez Pazos, Raquel',2015,'comercial'),('45892963M',5,'Corral González, Pablo',2001,'delineante'),('45892990D',10,'Casas Pardal, Xurxo',2013,'experto en logística'),('45893200N',4,'Pereira Fernández, Paula',2012,'comercial internacional'),('45893473D',1,'Rivas Barcala, Miguel',2006,'auxiliar'),('45893662Z',4,'Peso Parada, David',2009,'auxiliar'),('45894079V',11,'Cuesta Morales, David',2016,'auditor'),('45894632H',4,'Blanco López, Juan Manuel',2002,'auxiliar'),('45894761D',1,'Roa Méndez, Alba María',2013,'analista'),('45896488B',4,'Carid Sánchez, Avelina',2002,'comercial grandes cuentas'),('45897371C',8,'Meizoso García, Héctor',2013,'desarrollador'),('45897847J',8,'Queimadelos Paramés, Nerea',2000,'técnico de sistemas'),('45899920Q',7,'Marín González, José Rogelio',2018,'experto en contrataciones'),('45900066R',8,'Novoa Copa, Juan José',2001,'técnico de sistemas'),('45900523K',8,'Tornero Viñas, Laura',2010,'arquitecto de soluciones'),('45903815R',9,'García López, Hugo',2002,'experto en publicidad'),('45904516N',11,'Sineiro Pintos, Christian Santiago',2009,'auxiliar'),('45904848E',7,'Costas López, José Antonio',2004,'experto en gestión del talento'),('46345115T',7,'Prieto Rivera, Pedro',2001,'auxiliar'),('46603412F',9,'García Ubeira, Jaime',2014,'experto en mercadotecnia'),('46612677A',9,'Conde Rodríguez, Manuel',2020,'auxiliar'),('46615320R',10,'Blanco Pérez, Diana',2009,'experto en logística internacional'),('46616602H',10,'Rodríguez Varela, Raquel',2011,'auxiliar');
DROP TABLE IF EXISTS `tsalarios`;
CREATE TABLE `tsalarios` (
  `codigo` int NOT NULL AUTO_INCREMENT,
  `dni` char(9) CHARACTER SET utf8mb4 COLLATE utf8mb4_es_trad_0900_as_cs NOT NULL,
  `SALARIO` decimal(9,2) NOT NULL,
  PRIMARY KEY (`codigo`)
) ENGINE=InnoDB AUTO_INCREMENT=74 DEFAULT CHARSET=utf8mb4 COLLATE=utf8mb4_es_trad_0900_as_cs;

INSERT INTO `tsalarios` VALUES (1,'15061232G',35000.00),(2,'15061232G',10000.00),(3,'16568616Z',35000.00),(4,'20334118W',39000.00),(5,'20334118W',3000.00),(6,'22069846N',40000.00),(7,'22069846N',20000.00),(8,'22431571Q',29000.00),(9,'24242637Q',24500.00),(10,'24306032T',43000.00),(11,'24306032T',15000.00),(12,'25649237M',39000.00),(13,'27835704T',29000.00),(14,'27835704T',6000.00),(15,'27837272G',41000.00),(16,'27838013D',24000.00),(17,'29808704Z',43000.00),(18,'29808704Z',10000.00),(19,'33460756B',25000.00),(20,'45687774E',25000.00),(21,'45688174P',25000.00),(22,'45695378J',33000.00),(23,'45695629B',48000.00),(24,'45695629B',15000.00),(25,'45697250E',42000.00),(26,'45697515B',53000.00),(27,'45697515B',1200.00),(28,'45882604L',42000.00),(29,'45883166Y',52000.00),(30,'45886251D',54000.00),(31,'45886395S',38000.00),(32,'45886395S',12000.00),(33,'45886396Q',50000.00),(34,'45886396Q',15000.00),(35,'45887067C',24000.00),(36,'45890264C',24500.00),(37,'45890264C',3000.00),(38,'45891302T',24000.00),(39,'45891620L',30000.00),(40,'45892963M',27000.00),(41,'45892963M',1000.00),(42,'45892990D',32000.00),(43,'45893200N',51000.00),(44,'45893473D',28000.00),(45,'45893473D',2200.00),(46,'45893662Z',28000.00),(47,'45893662Z',6000.00),(48,'45894079V',38000.00),(49,'45894632H',25000.00),(50,'45894761D',36000.00),(51,'45896488B',31000.00),(52,'45896488B',3500.00),(53,'45897371C',32000.00),(54,'45897371C',3000.00),(55,'45897847J',29000.00),(56,'45899920Q',39000.00),(57,'45899920Q',2000.00),(58,'45900066R',28000.00),(59,'45900066R',3000.00),(60,'45900523K',39000.00),(61,'45900523K',20000.00),(62,'45903815R',41000.00),(63,'45904516N',28000.00),(64,'45904516N',1000.00),(65,'45904848E',45000.00),(66,'45904848E',12000.00),(67,'46345115T',28000.00),(68,'46603412F',36000.00),(69,'46603412F',15000.00),(70,'46612677A',24000.00),(71,'46615320R',39000.00),(72,'46615320R',17000.00),(73,'46616602H',26000.00);
